{
  "hash": "0890ec2e",
  "configHash": "20b6ccdb",
  "lockfileHash": "0eb0f3c5",
  "browserHash": "efbc734e",
  "optimized": {
    "@angular/core": {
      "src": "../../../../../../node_modules/@angular/core/fesm2022/core.mjs",
      "file": "@angular_core.js",
      "fileHash": "00b7a64b",
      "needsInterop": false
    },
    "@angular/platform-browser": {
      "src": "../../../../../../node_modules/@angular/platform-browser/fesm2022/platform-browser.mjs",
      "file": "@angular_platform-browser.js",
      "fileHash": "4a7536ee",
      "needsInterop": false
    },
    "@angular/router": {
      "src": "../../../../../../node_modules/@angular/router/fesm2022/router.mjs",
      "file": "@angular_router.js",
      "fileHash": "006f96bd",
      "needsInterop": false
    },
    "@angular/forms": {
      "src": "../../../../../../node_modules/@angular/forms/fesm2022/forms.mjs",
      "file": "@angular_forms.js",
      "fileHash": "e8661750",
      "needsInterop": false
    }
  },
  "chunks": {
    "chunk-Y546BG7K": {
      "file": "chunk-Y546BG7K.js"
    },
    "chunk-VJPMOY72": {
      "file": "chunk-VJPMOY72.js"
    },
    "chunk-SXHOZHTL": {
      "file": "chunk-SXHOZHTL.js"
    }
  }
}