{
  "hash": "e712ba15",
  "configHash": "27e9a093",
  "lockfileHash": "60fcb770",
  "browserHash": "7a7439d1",
  "optimized": {
    "@angular/core": {
      "src": "../../../../../../node_modules/@angular/core/fesm2022/core.mjs",
      "file": "@angular_core.js",
      "fileHash": "560c9262",
      "needsInterop": false
    },
    "@angular/platform-browser": {
      "src": "../../../../../../node_modules/@angular/platform-browser/fesm2022/platform-browser.mjs",
      "file": "@angular_platform-browser.js",
      "fileHash": "f2a4eb8f",
      "needsInterop": false
    },
    "@angular/router": {
      "src": "../../../../../../node_modules/@angular/router/fesm2022/router.mjs",
      "file": "@angular_router.js",
      "fileHash": "16812403",
      "needsInterop": false
    },
    "@angular/common/http": {
      "src": "../../../../../../node_modules/@angular/common/fesm2022/http.mjs",
      "file": "@angular_common_http.js",
      "fileHash": "73e2598b",
      "needsInterop": false
    },
    "rxjs": {
      "src": "../../../../../../node_modules/rxjs/dist/esm5/index.js",
      "file": "rxjs.js",
      "fileHash": "68bf9c3c",
      "needsInterop": false
    }
  },
  "chunks": {
    "chunk-AYIBCTFE": {
      "file": "chunk-AYIBCTFE.js"
    },
    "chunk-AAEQTVZV": {
      "file": "chunk-AAEQTVZV.js"
    },
    "chunk-E7R4FTH5": {
      "file": "chunk-E7R4FTH5.js"
    },
    "chunk-5TID76VL": {
      "file": "chunk-5TID76VL.js"
    }
  }
}