{
  "hash": "fa6c02d0",
  "configHash": "2960c1e9",
  "lockfileHash": "60fcb770",
  "browserHash": "2908d6bc",
  "optimized": {
    "@angular/core": {
      "src": "../../../../../../node_modules/@angular/core/fesm2022/core.mjs",
      "file": "@angular_core.js",
      "fileHash": "6e1dec65",
      "needsInterop": false
    },
    "@angular/platform-browser": {
      "src": "../../../../../../node_modules/@angular/platform-browser/fesm2022/platform-browser.mjs",
      "file": "@angular_platform-browser.js",
      "fileHash": "40dab8da",
      "needsInterop": false
    },
    "@angular/router": {
      "src": "../../../../../../node_modules/@angular/router/fesm2022/router.mjs",
      "file": "@angular_router.js",
      "fileHash": "a0ae1a2a",
      "needsInterop": false
    },
    "@angular/common/http": {
      "src": "../../../../../../node_modules/@angular/common/fesm2022/http.mjs",
      "file": "@angular_common_http.js",
      "fileHash": "37d146a0",
      "needsInterop": false
    }
  },
  "chunks": {
    "chunk-AENJCTVE": {
      "file": "chunk-AENJCTVE.js"
    },
    "chunk-UIUXXS45": {
      "file": "chunk-UIUXXS45.js"
    },
    "chunk-NTS2FYPI": {
      "file": "chunk-NTS2FYPI.js"
    }
  }
}