{
  "hash": "b033abad",
  "configHash": "2aeac983",
  "lockfileHash": "08e61485",
  "browserHash": "d64a8eeb",
  "optimized": {
    "@angular/core": {
      "src": "../../../../../../node_modules/@angular/core/fesm2022/core.mjs",
      "file": "@angular_core.js",
      "fileHash": "4ee5e0b0",
      "needsInterop": false
    },
    "@angular/platform-browser": {
      "src": "../../../../../../node_modules/@angular/platform-browser/fesm2022/platform-browser.mjs",
      "file": "@angular_platform-browser.js",
      "fileHash": "7e447276",
      "needsInterop": false
    },
    "@angular/router": {
      "src": "../../../../../../node_modules/@angular/router/fesm2022/router.mjs",
      "file": "@angular_router.js",
      "fileHash": "2d183042",
      "needsInterop": false
    },
    "@angular/forms": {
      "src": "../../../../../../node_modules/@angular/forms/fesm2022/forms.mjs",
      "file": "@angular_forms.js",
      "fileHash": "647aeae0",
      "needsInterop": false
    }
  },
  "chunks": {
    "chunk-GDEB2U5D": {
      "file": "chunk-GDEB2U5D.js"
    },
    "chunk-HMDLTVFC": {
      "file": "chunk-HMDLTVFC.js"
    },
    "chunk-YNK7CL7V": {
      "file": "chunk-YNK7CL7V.js"
    }
  }
}