{
  "hash": "ff77c3f0",
  "configHash": "02604f6e",
  "lockfileHash": "fad2d33e",
  "browserHash": "534291e8",
  "optimized": {
    "@angular/common": {
      "src": "../../../../../../node_modules/@angular/common/fesm2022/common.mjs",
      "file": "@angular_common.js",
      "fileHash": "4bf4ce6a",
      "needsInterop": false
    },
    "@angular/common/http": {
      "src": "../../../../../../node_modules/@angular/common/fesm2022/http.mjs",
      "file": "@angular_common_http.js",
      "fileHash": "4616baa4",
      "needsInterop": false
    },
    "@angular/core": {
      "src": "../../../../../../node_modules/@angular/core/fesm2022/core.mjs",
      "file": "@angular_core.js",
      "fileHash": "71df7655",
      "needsInterop": false
    },
    "@angular/forms": {
      "src": "../../../../../../node_modules/@angular/forms/fesm2022/forms.mjs",
      "file": "@angular_forms.js",
      "fileHash": "39c3acdd",
      "needsInterop": false
    },
    "@angular/platform-browser": {
      "src": "../../../../../../node_modules/@angular/platform-browser/fesm2022/platform-browser.mjs",
      "file": "@angular_platform-browser.js",
      "fileHash": "781f8ef2",
      "needsInterop": false
    },
    "@angular/router": {
      "src": "../../../../../../node_modules/@angular/router/fesm2022/router.mjs",
      "file": "@angular_router.js",
      "fileHash": "16bd8a6e",
      "needsInterop": false
    }
  },
  "chunks": {
    "chunk-66SXMSCG": {
      "file": "chunk-66SXMSCG.js"
    },
    "chunk-5OXCLX5D": {
      "file": "chunk-5OXCLX5D.js"
    },
    "chunk-HQY25O2T": {
      "file": "chunk-HQY25O2T.js"
    },
    "chunk-H74R6L4S": {
      "file": "chunk-H74R6L4S.js"
    }
  }
}